Ilosc danych,Czas [s]
10,4e-07
100,3.2e-06
1000,2.73e-05
10000,0.0002214
100000,0.0018789
1000000,0.018707
10000000,0.18856
100000000,1.9017
1000000000,19.2455

