Ilosc danych,Czas [s]
10,4e-07
100,4.3e-06
1000,4.53e-05
10000,0.000395
100000,0.0041579
1000000,0.0408803
10000000,0.404868

