Ilosc danych,Czas [s]
10,1.1e-06
100,1e-05
1000,4.27e-05
10000,0.000395
100000,0.0041116
1000000,0.0383194
10000000,0.379838

