Ilosc danych,Czas [s]
10,3e-07
100,4.2e-06
1000,4.08e-05
10000,0.0003755
100000,0.0041415
1000000,0.0373464
10000000,0.361384

