Ilosc danych,Czas [s]
10,2.8e-06
100,0.0001703
1000,0.0170509
10000,1.91538
100000,199.786

