Ilosc danych,Czas [s]
10,8e-07
100,1.8e-06
1000,2.02e-05
10000,0.000187
100000,0.0018352
1000000,0.0225947
10000000,0.207489

